,mean,std
accuracy,0.9639545056867892,0.004405836679620011
precision,0.9627048567807968,0.006700819533925567
recall,0.9653543307086613,0.005410192417756885
f1,0.9640090078827706,0.004355029367473224
roc_auc,0.9931617690395875,0.0012574128794616403
